url_path,views_total,views_unique
/jongpie/NebulaLogger,1562,861
/jongpie/NebulaLogger/wiki/Architecture,163,112
/jongpie/NebulaLogger/tree/main/nebula-logger,147,83
/jongpie/NebulaLogger/wiki,121,87
/jongpie/NebulaLogger/releases,121,52
/jongpie/NebulaLogger/wiki/Logging-in-Apex,89,62
/jongpie/NebulaLogger/issues,78,42
/jongpie/NebulaLogger/tree/main/nebula-logger/dev/main/default,57,38
/jongpie/NebulaLogger/wiki/Logging-in-Flow,54,41
/jongpie/NebulaLogger/tree/main/nebula-logger/core/main,54,35
